description,name,id
Food,Alcoholic Beverages,2983371011
Food,Baby Foods,16323111
Food,Beverages,16310231
Food,Breads & Bakery,16318751
Food,Breakfast Foods,16310251
Food,Candy & Chocolate,16322461
Food,"Dairy, Cheese & Eggs",371460011
Food,Deli & Prepared Foods,18773724011
Food,Food & Beverage Gifts,2255571011
Food,Fresh Flowers & Live Indoor Plants,3745171
Food,Fresh Meal Kits,15709227011
Food,Frozen,6459122011
Food,Home Brewing & Winemaking,979861011
Food,Meat & Seafood,371469011
Food,Meat Substitutes,6518859011
Food,Pantry Staples,18787303011
Food,Produce,6506977011
Food,Snack Foods,16322721
Alcoholic Beverages,Beer,2983385011
Alcoholic Beverages,Cocktail Mixers,119342011
Alcoholic Beverages,Spirits,2983387011
Alcoholic Beverages,Wine,2983386011
Beer,Ale,15158294011
Beer,Hard Cider,15158297011
Beer,Lager & Pilsner,15158295011
Beer,Malt Beverages,17691543011
Beer,Non-Alcoholic Beer,15158296011
Beer,Seasonal,17691541011
Beer,Variety Packs,17691542011
Ale,Amber,17691517011
Ale,Belgian,17691519011
Ale,Brown Ale,17691520011
Ale,Hefeweizen,17691524011
Ale,India Pale Ale (IPA),17691534011
Ale,Pale Ale,17691535011
Ale,Scotch Ale,17691529011
Ale,Sour,17691526011
Cocktail Mixers,Bitters,5782428011
Cocktail Mixers,Bloody Mary,5782427011
Cocktail Mixers,Daiquiri,5782429011
Cocktail Mixers,Margarita,5782430011
Cocktail Mixers,Martini,5782431011
Cocktail Mixers,Seltzer Water,5782445011
Cocktail Mixers,Tonic Water,5782446011
Spirits,Brandy,15158303011
Spirits,Gin,15158352011
Spirits,Liqueurs,15158354011
Spirits,Pre-mixed Drinks,15158358011
Spirits,Rum,15158359011
Spirits,Tequila,15158372011
Spirits,Vodka,15158378011
Spirits,Whiskey & Scotch,15158379011
Wine,Dessert,6503741011
Wine,Fruit,8521879011
Wine,Mead,8521880011
Wine,Non-Alcoholic Wine,18327544011
Wine,Red,6503737011
Wine,RosÃ©,6503739011
Wine,Sake & Rice Spirits,15158360011
Wine,Sangria,18327545011
Wine,Sparkling,6503740011
Wine,White,6503738011
Baby Foods,Baby Formula,16323121
Baby Foods,Beverages,16323201
Baby Foods,Cereal,16323151
Baby Foods,Meals,14804133011
Baby Foods,Snack Foods,6520541011
Beverages,"Bottled Beverages, Water & Drink Mixes",14808787011
Beverages,"Coffee, Tea & Cocoa",16521305011
"Bottled Beverages, Water & Drink Mixes",Cocktail Mixers,119342011
"Bottled Beverages, Water & Drink Mixes",Coconut Water,5599475011
"Bottled Beverages, Water & Drink Mixes",Cold-Brew Coffee & Concentrate,14808786011
"Bottled Beverages, Water & Drink Mixes",Energy Drinks,16318341
"Bottled Beverages, Water & Drink Mixes",Flavor Syrups,5782432011
"Bottled Beverages, Water & Drink Mixes",Iced Tea,5782362011
"Bottled Beverages, Water & Drink Mixes",Juices,16318171
"Bottled Beverages, Water & Drink Mixes",Meal Replacement & Protein Drinks,11136975011
"Bottled Beverages, Water & Drink Mixes",Milk & Cream,6520435011
"Bottled Beverages, Water & Drink Mixes",Non-Dairy Milks,119343011
"Bottled Beverages, Water & Drink Mixes",Powdered Drink Mixes & Flavorings,15525241011
"Bottled Beverages, Water & Drink Mixes",Soft Drinks,16318231
"Bottled Beverages, Water & Drink Mixes",Sports Drinks,16318371
"Bottled Beverages, Water & Drink Mixes",Water,16318651
Juices,Ciders,348083011
Juices,Fruit Juice,2255111011
Juices,Lemonade,724689011
Juices,Smoothies,5782434011
Juices,Sparkling Juice,5782433011
Juices,Vegetable Juice,2255110011
Meal Replacement & Protein Drinks,Instant Breakfast Drinks,347684011
Meal Replacement & Protein Drinks,Meal Replacement Drinks,5782435011
Meal Replacement & Protein Drinks,Protein Drinks,5782436011
Milk & Cream,Buttermilk,6520436011
Milk & Cream,Coffee Creamers,6520437011
Milk & Cream,Dairy Milk,6520438011
Milk & Cream,Eggnog,6520443011
Milk & Cream,Flavored Milk,6520444011
Milk & Cream,Half & Half,6520448011
Milk & Cream,Heavy Cream,6520449011
Milk & Cream,Light Cream,6520450011
Milk & Cream,Whipping Cream,6520451011
Non-Dairy Milks,Almond Milk,6520452011
Non-Dairy Milks,Coconut Milk,6520453011
Non-Dairy Milks,Coffee Creamers,16318041
Non-Dairy Milks,Flax Milk,6520454011
Non-Dairy Milks,Hemp Milk,6520455011
Non-Dairy Milks,Oat Milks,18777532011
Non-Dairy Milks,Rice Milk,119345011
Non-Dairy Milks,Soy Milk,119344011
Powdered Drink Mixes & Flavorings,Chocolate Drink Mixes,2255565011
Powdered Drink Mixes & Flavorings,Instant Breakfast Drinks,347684011
Powdered Drink Mixes & Flavorings,Powdered Milk,16317451
Powdered Drink Mixes & Flavorings,Soft Drink Mixes,2255564011
Powdered Drink Mixes & Flavorings,Water Flavoring Drops,15525242011
Water,Flavored Water,5782439011
Water,Mineral Water,5782443011
Water,Seltzer Water,5782445011
Water,Sparkling Water,5782442011
Water,Sports Drinking Water,5782440011
Water,Tonic Water,5782446011
"Coffee, Tea & Cocoa",Bubble Tea Kits,17871587011
"Coffee, Tea & Cocoa",Bubble Tea Tapioca Pearls,17395300011
"Coffee, Tea & Cocoa",Cocoa,16318161
"Coffee, Tea & Cocoa",Coffee,16318031
"Coffee, Tea & Cocoa",Coffee & Tea Gifts,2255575011
"Coffee, Tea & Cocoa",Coffee Substitutes,119341011
"Coffee, Tea & Cocoa",Dairy Coffee Creamers,6520437011
"Coffee, Tea & Cocoa",Non-Dairy Coffee Creamers,16318041
"Coffee, Tea & Cocoa",Tea,16318401
Coffee,Bottled & Canned Coffee Drinks,14808785011
Coffee,Ground Coffee,2251593011
Coffee,Iced Coffee & Cold-Brew,14808786011
Coffee,Instant Coffee,2251594011
Coffee,Roasted Coffee Beans,2251592011
Coffee,Single-Serve Capsules & Pods,14978414011
Coffee,Unroasted Coffee Beans,979887011
Tea,Black,16318411
Tea,Chai,348022011
Tea,Green,16318471
Tea,Herbal,16318511
Tea,Iced Tea,5782362011
Tea,Matcha,3585391
Tea,Oolong,5759779011
Tea,Rooibos,5759780011
Tea,Tea Samplers,5747969011
Tea,White,16318611
Breads & Bakery,Bakery & Dessert Gifts,2255576011
Breads & Bakery,Breadcrumbs & Stuffing,6548768011
Breads & Bakery,Breads,18776870011
Breads & Bakery,Breadsticks,6548769011
Breads & Bakery,Cakes,347681011
Breads & Bakery,Cookies,18774312011
Breads & Bakery,Desserts,6548788011
Breads & Bakery,Pastries & Bakery,6548770011
Breads & Bakery,Pastry Shells & Crusts,6548861011
Breads & Bakery,Pizza Crusts,291442011
Breads & Bakery,Refrigerated Doughs,6520474011
Breads,Baguette,18776871011
Breads,Challah,18776872011
Breads,Ciabatta,18776873011
Breads,Cornbread,18776874011
Breads,Dinner Breads,18776875011
Breads,Flatbreads,18776883011
Breads,Pretzels,18776887011
Breads,Rolls & Buns,18776888011
Breads,Sandwich Breads,18776899011
Rolls & Buns,Hamburger Buns,18776891011
Rolls & Buns,Hot Dog Buns,18776892011
Sandwich Breads,Buttermilk,18776900011
Sandwich Breads,Multigrain,18776902011
Sandwich Breads,Potato,18776904011
Sandwich Breads,Pumpernickel,18776905011
Sandwich Breads,Raisin,18776906011
Sandwich Breads,Rye,18776907011
Sandwich Breads,Sourdough,18776908011
Sandwich Breads,Spelt,18776909011
Sandwich Breads,White,18776910011
Sandwich Breads,Whole Wheat,18776912011
Cakes,Cheesecakes,725553011
Cakes,Coffeecakes,2255376011
Cakes,Fruitcakes,725554011
Cakes,Layer Cakes,2255377011
Cakes,Liquor Cakes,15283704011
Cakes,Panettones,725556011
Cookies,Biscotti,18774313011
Cookies,Butter,18774315011
Cookies,Chocolate,18774316011
Cookies,Chocolate Chip,18774317011
Cookies,Cookie Assortments,18774318011
Cookies,Fortune,18774320011
Cookies,Fruit,18774321011
Cookies,Ginger Snaps,18774322011
Cookies,Ladyfingers,18774323011
Cookies,Macaroons,18774324011
Cookies,Meringues,18774326011
Cookies,Nut,18774327011
Cookies,Oatmeal,18774328011
Cookies,Peanut-Butter,18774329011
Cookies,Pizzelles,18774330011
Cookies,Rich Tea,18774331011
Cookies,Sandwich,18774332011
Cookies,Shortbread,18774333011
Cookies,Snickerdoodles,18774334011
Cookies,Sugar,18774335011
Cookies,Wafers,18774336011
Desserts,Baklava,724692011
Desserts,Brownies,2257291011
Desserts,Cupcakes,6548790011
Desserts,Fudge,6548792011
Desserts,Pies,18327546011
Desserts,Sponge Puddings,15283708011
Desserts,Tarts,6548795011
Pastries & Bakery,Bagels,18770265011
Pastries & Bakery,Croissants,18770267011
Pastries & Bakery,Danishes,18770268011
Pastries & Bakery,Donuts,18770269011
Pastries & Bakery,English Muffins,18770270011
Pastries & Bakery,Muffins,18770271011
Pastries & Bakery,Pastries,18770272011
Pastries & Bakery,Scones,18770273011
Pastries & Bakery,Waffles,18770274011
Refrigerated Doughs,Biscuit Dough,6520475011
Refrigerated Doughs,Cinnamon Rolls,6520477011
Refrigerated Doughs,Cookie Dough,6520478011
Refrigerated Doughs,Dinner Rolls,6520479011
Breakfast Foods,Applesauce & Fruit Cups,6524414011
Breakfast Foods,Breakfast & Cereal Bars,387559011
Breakfast Foods,Breakfast Syrups & Toppings,11713214011
Breakfast Foods,Cereals,16318891
Breakfast Foods,Instant Breakfast Drinks,347684011
Breakfast Foods,"Pancake, Waffle & Baking Mixes",11713205011
Breakfast Foods,Toaster Pastries,295346011
Applesauce & Fruit Cups,Applesauce,6524415011
Applesauce & Fruit Cups,Fruit Cups,6524416011
Breakfast & Cereal Bars,Cereal,6524624011
Breakfast & Cereal Bars,Fruit & Nut,11437474011
Breakfast & Cereal Bars,Fruit Bars,17277532011
Breakfast & Cereal Bars,Granola,11437476011
Breakfast & Cereal Bars,High Protein,11437477011
Breakfast & Cereal Bars,Nut Bars,17277533011
Breakfast & Cereal Bars,Whole Grain,11437479011
Breakfast Syrups & Toppings,Chocolate & Hazelnut Spreads,6493998011
Breakfast Syrups & Toppings,Chocolate Syrups,16317491
Breakfast Syrups & Toppings,Fruit Sauces,6485914011
Breakfast Syrups & Toppings,Maple Syrups,16318001
Cereals,Cold Cereals,6524561011
Cereals,Granola,16318901
Cereals,Grits,16318911
Cereals,Muesli,6524575011
Cereals,Oatmeal,16318941
"Pancake, Waffle & Baking Mixes",Biscuits,16317241
"Pancake, Waffle & Baking Mixes",Muffins,16317301
"Pancake, Waffle & Baking Mixes",Pancakes & Waffles,16317311
Candy & Chocolate,"Brittle, Caramel & Toffee",17369012011
Candy & Chocolate,Candied & Chocolate-Covered Snacks,6558929011
Candy & Chocolate,Candy & Chocolate Assortments,6558922011
Candy & Chocolate,Candy & Chocolate Bars,6558923011
Candy & Chocolate,Candy & Chocolate Gifts,2255572011
Candy & Chocolate,Chewing & Bubble Gum,16322471
Candy & Chocolate,Chocolate & Fudge,17369014011
Candy & Chocolate,Ginger Candy,7514604011
Candy & Chocolate,Hard Candy & Lollipops,17369015011
Candy & Chocolate,Jelly Beans & Gummy Candy,17369013011
Candy & Chocolate,Marshmallows,724726011
Candy & Chocolate,Mints,16322531
Candy & Chocolate,Sour Candy,6558939011
Candy & Chocolate,Traditional & International Sweets,17369017011
"Brittle, Caramel & Toffee",Brittle,2255566011
"Brittle, Caramel & Toffee",Caramels,16322451
"Brittle, Caramel & Toffee",Toffee,16322581
Candied & Chocolate-Covered Snacks,Bacon,6558930011
Candied & Chocolate-Covered Snacks,Chips & Pretzels,6558935011
Candied & Chocolate-Covered Snacks,Espresso Beans,6558931011
Candied & Chocolate-Covered Snacks,Fruit,6558932011
Candied & Chocolate-Covered Snacks,Nut Clusters,16322541
Candied & Chocolate-Covered Snacks,Nuts,6558933011
Chocolate & Fudge,Candy & Chocolate Bars,6558923011
Chocolate & Fudge,Chocolate Truffles,2257229011
Chocolate & Fudge,Fudge,2255567011
Hard Candy & Lollipops,Candy Canes,17369016011
Hard Candy & Lollipops,Hard Candy,16322491
Hard Candy & Lollipops,Suckers & Lollipops,16322551
Jelly Beans & Gummy Candy,Gummy Candy,16322481
Jelly Beans & Gummy Candy,Jelly Beans,16322511
Jelly Beans & Gummy Candy,Licorice,16322521
Jelly Beans & Gummy Candy,Taffy,16322571
Traditional & International Sweets,Halva,724729011
Traditional & International Sweets,Wagashi,17369020011
"Dairy, Cheese & Eggs",Butter & Margarine,6520421011
"Dairy, Cheese & Eggs",Cheese,6520456011
"Dairy, Cheese & Eggs",Cheese & Charcuterie Gifts,2255573011
"Dairy, Cheese & Eggs",Cheese Assortments & Samplers,2256190011
"Dairy, Cheese & Eggs",Cheese Dips & Spreads,6523347011
"Dairy, Cheese & Eggs",Cottage Cheese,6520428011
"Dairy, Cheese & Eggs",Cream Cheese,6520429011
"Dairy, Cheese & Eggs",Eggs & Egg Substitutes,371464011
"Dairy, Cheese & Eggs",Milk & Cream,6520435011
"Dairy, Cheese & Eggs",Non-Dairy Milks,119343011
"Dairy, Cheese & Eggs",Snack Packs & Lunches,10802559011
"Dairy, Cheese & Eggs",Sour Cream,6520504011
"Dairy, Cheese & Eggs",Whipped Toppings,6520505011
"Dairy, Cheese & Eggs",Yogurt,6520506011
Butter & Margarine,Butter,7476296011
Butter & Margarine,Ghee & Clarified Butter,6492282011
Butter & Margarine,Non-Dairy Butter Substitutes,6520424011
Cheese,American,6520457011
Cheese,Asiago,17608850011
Cheese,Blue Cheese,2256176011
Cheese,Brie,2256177011
Cheese,Camembert,17608851011
Cheese,Cheddar,6520458011
Cheese,Cheese Blends,6520459011
Cheese,Cheese Curds,17608852011
Cheese,ChÃ¨vre,17608853011
Cheese,Colby,6520460011
Cheese,Deli-Sliced Cheeses,10779590011
Cheese,Emmental,17608854011
Cheese,Feta,6520461011
Cheese,Gouda,6520462011
Cheese,GruyÃ¨re,17608855011
Cheese,Havarti,6520463011
Cheese,Limburger,17608856011
Cheese,Manchego,17608857011
Cheese,Mexican Cheese,16040118011
Cheese,Monterey Jack,6520464011
Cheese,Mozzarella,6520465011
Cheese,Muenster,6520466011
Cheese,Paneer,17608858011
Cheese,Parmesan,6520467011
Cheese,Pecorino,2256188011
Cheese,Processed,6520468011
Cheese,Provolone,6520469011
Cheese,Ricotta,6520470011
Cheese,String & Snack,6520471011
Cheese,Swiss,6520472011
Cheese,Taleggio,17608859011
Cheese,Vegetarian,6520473011
Mexican Cheese,Cotija,16030983011
Mexican Cheese,Oaxaca,16030985011
Mexican Cheese,Queso Chihuahua,16030986011
Eggs & Egg Substitutes,Egg Substitutes,6520431011
Eggs & Egg Substitutes,Egg Whites,6520432011
Eggs & Egg Substitutes,Whole Eggs,6520434011
Yogurt,Drinks,6520513011
Yogurt,Greek & Icelandic,16741853011
Yogurt,Kefir,6520509011
Yogurt,Kids & Baby,6520510011
Yogurt,Non-Dairy,6520512011
Yogurt,Starter Cultures,16171817011
Yogurt,Traditional Flavored,13769137011
Yogurt,Traditional Plain,13769138011
Greek & Icelandic,Flavored,16171816011
Greek & Icelandic,Plain,6520508011
Deli & Prepared Foods,Appetizers,10759242011
Deli & Prepared Foods,Box Lunches,10763290011
Deli & Prepared Foods,Breakfast,10764355011
Deli & Prepared Foods,"Casseroles, Pot Pies & Quiches",10764480011
Deli & Prepared Foods,Deli Meats & Cheeses,18773725011
Deli & Prepared Foods,Deli Salads,10770975011
Deli & Prepared Foods,"Dips, Salsas & Spreads",10770560011
Deli & Prepared Foods,Entrees,10770668011
Deli & Prepared Foods,Fresh Pasta & Sauces,10770824011
Deli & Prepared Foods,Meal Kits,15709227011
Deli & Prepared Foods,Olives & Antipasto,9847696011
Deli & Prepared Foods,Sandwiches & Wraps,10771131011
Deli & Prepared Foods,Side Dishes,10771164011
Deli & Prepared Foods,"Soups, Stews & Chili",10771239011
Deli Meats & Cheeses,Deli-Sliced Cheeses,10779590011
Deli Meats & Cheeses,Deli-Sliced Meats,6518735011
Deli Meats & Cheeses,Hot Dogs & Franks,6518846011
Deli Meats & Cheeses,Prepackaged Deli Meats,12071184011
Deli-Sliced Meats,Bologna,6518736011
Deli-Sliced Meats,Capicola,10779515011
Deli-Sliced Meats,Corned Beef,6518738011
Deli-Sliced Meats,Ham,6518739011
Deli-Sliced Meats,Liverwurst,6518740011
Deli-Sliced Meats,Meat Loaves,9847688011
Deli-Sliced Meats,Mortadella,10779516011
Deli-Sliced Meats,Pastrami,6518742011
Deli-Sliced Meats,Pepperoni,6518743011
Deli-Sliced Meats,Prosciutto,6518745011
Deli-Sliced Meats,Roast Beef,6518746011
Deli-Sliced Meats,Salami,6518747011
Deli-Sliced Meats,Turkey,6518748011
Prepackaged Deli Meats,Bologna,12071185011
Prepackaged Deli Meats,Capicola,12071186011
Prepackaged Deli Meats,Corned Beef,12071187011
Prepackaged Deli Meats,Ham,12071188011
Prepackaged Deli Meats,Liverwurst,12071189011
Prepackaged Deli Meats,Meat Loaves,12071190011
Prepackaged Deli Meats,Mortadella,12071191011
Prepackaged Deli Meats,Pastrami,12071192011
Prepackaged Deli Meats,Pepperoni,12071193011
Prepackaged Deli Meats,Prosciutto,12071194011
Prepackaged Deli Meats,Roast Beef,12071195011
Prepackaged Deli Meats,Salami,12071196011
Prepackaged Deli Meats,Turkey,12071198011
"Dips, Salsas & Spreads",Bean,6523346011
"Dips, Salsas & Spreads",Cheese,6523347011
"Dips, Salsas & Spreads",Guacamole,2255612011
"Dips, Salsas & Spreads",Hummus,16320031
"Dips, Salsas & Spreads",Olive,6523350011
"Dips, Salsas & Spreads",Salsas,6523353011
"Dips, Salsas & Spreads",Vegetable,6523352011
Olives & Antipasto,Artichoke Hearts,6465008011
Olives & Antipasto,Canned & Jarred Fish,9847698011
Olives & Antipasto,Capers,16319781
Olives & Antipasto,Cornichons,9847700011
Olives & Antipasto,Mushrooms,6465018011
Olives & Antipasto,Okra,6465019011
Olives & Antipasto,Pickled Vegetables,6466918011
Olives & Antipasto,Stuffed Grape Leaves,10780852011
Olives & Antipasto,Sun-Dried Tomatoes,6465027011
Food & Beverage Gifts,Assortments & Variety Gifts,12011207011
Food & Beverage Gifts,Bakery & Dessert Gifts,2255576011
Food & Beverage Gifts,Candy & Chocolate Gifts,2255572011
Food & Beverage Gifts,Cheese & Charcuterie Gifts,2255573011
Food & Beverage Gifts,Coffee & Tea Gifts,2255575011
Food & Beverage Gifts,Fruit & Nut Gifts,2255577011
Food & Beverage Gifts,"Herb, Spice & Seasoning Gifts",2255584011
Food & Beverage Gifts,"Jam, Jelly & Sweet Spread Gifts",2255578011
Food & Beverage Gifts,Meat & Seafood Gifts,2255579011
Food & Beverage Gifts,"Sauce, Gravy & Marinade Gifts",2255580011
Food & Beverage Gifts,Snack Gifts,2255582011
Fresh Flowers & Live Indoor Plants,Fresh Centerpieces,6558998011
Fresh Flowers & Live Indoor Plants,Fresh Cut Flowers,12902901
Fresh Flowers & Live Indoor Plants,Fresh Sprays,6559011011
Fresh Flowers & Live Indoor Plants,Fresh Wreaths,6559012011
Fresh Flowers & Live Indoor Plants,Live Indoor Plants,3744981
Fresh Cut Flowers,Carnations,3745191
Fresh Cut Flowers,Chrysanthemums,3745201
Fresh Cut Flowers,Daffodils,3745211
Fresh Cut Flowers,Daisies,3745221
Fresh Cut Flowers,Hydrangeas,18768204011
Fresh Cut Flowers,Irises,3745231
Fresh Cut Flowers,Lilies,3745241
Fresh Cut Flowers,Mixed Bouquets,3745291
Fresh Cut Flowers,Orchids,3745251
Fresh Cut Flowers,Peonies,18768205011
Fresh Cut Flowers,Roses,3745261
Fresh Cut Flowers,Sunflowers,3745271
Fresh Cut Flowers,Tulips,3745281
Live Indoor Plants,Bamboo,6584376011
Live Indoor Plants,Bonsai,10825941
Live Indoor Plants,Cacti & Succulents,3745941
Live Indoor Plants,Orchids,3745091
Frozen,Appetizers & Snacks,6459123011
Frozen,Bread & Dough,6459132011
Frozen,Breakfast Foods,6459139011
Frozen,Desserts & Toppings,6459150011
Frozen,Fruit,6459159011
Frozen,Ice Cream & Novelties,6459171011
Frozen,Juice,6459193011
Frozen,Meals & Entrees,6459203011
Frozen,Meats,6459214011
Frozen,Pasta & Sauces,6459227011
Frozen,Pizza,6459230011
Frozen,Potatoes & Onion Rings,6459234011
Frozen,Seafood,6459241011
Frozen,Vegetables,6459248011
Appetizers & Snacks,Breaded Mozzarella & Vegetables,6459124011
Appetizers & Snacks,Chicken Nuggets & Tenders,6459219011
Appetizers & Snacks,Chicken Wings,6459226011
Appetizers & Snacks,Hors d'Oeuvres,6459128011
Appetizers & Snacks,Pretzels,6459130011
Breakfast Foods,Bagels & Muffins,6459140011
Breakfast Foods,Eggs,6459144011
Breakfast Foods,Pancakes & French Toast,6459145011
Breakfast Foods,Pastries,6459148011
Breakfast Foods,Waffles,6459149011
Bagels & Muffins,Bagels,6459141011
Bagels & Muffins,Muffins,6459142011
Pancakes & French Toast,French Toast,6459146011
Pancakes & French Toast,Pancakes,6459147011
Fruit,Blackberries,6459160011
Fruit,Blueberries,6459161011
Fruit,Peaches,6459166011
Fruit,Raspberries,6459168011
Fruit,Strawberries,6459169011
Ice Cream & Novelties,Frozen Yogurt,6459172011
Ice Cream & Novelties,Gelato,707442011
Ice Cream & Novelties,Ice Cream,6459179011
Ice Cream & Novelties,Ice Cream & Soft Serve Mixes,17369437011
Ice Cream & Novelties,Non-Dairy Ice Cream & Novelties,6459187011
Ice Cream & Novelties,Popsicles & Juice Bars,6459188011
Ice Cream & Novelties,Sorbet & Sherbet,6459192011
Meals & Entrees,Beef,6459204011
Meals & Entrees,Chicken & Turkey,6459205011
Meals & Entrees,Fish & Seafood,6459206011
Meals & Entrees,Kids,6459207011
Meals & Entrees,Meatless,6459208011
Meals & Entrees,Pork,7338425011
Meals & Entrees,Pot Pies,6459221011
Meats,Burgers & Patties,6459215011
Meats,Chicken,17369441011
Meats,Lamb,17369463011
Meats,Meatballs,17369455011
Meats,Pork,6459220011
Meats,Sausage & Bacon,6459222011
Meats,Turkey,17369459011
Chicken,Breast & Cutlets,6459216011
Chicken,Legs & Thighs,17369443011
Chicken,Nuggets & Tenders,6459219011
Chicken,Whole Chickens,6459224011
Chicken,Wings,6459226011
Pizza,Cheese,6459231011
Pizza,Meat,6459232011
Pizza,Vegetable,6459233011
Seafood,Burgers & Patties,6459242011
Seafood,Fish Sticks,6459244011
Seafood,Frozen Fish,17548093011
Seafood,Frozen Shellfish,17548097011
Vegetables,Artichokes,6459249011
Vegetables,Asparagus,6459250011
Vegetables,Beans & Peas,6459251011
Vegetables,Broccoli,6459252011
Vegetables,Brussels Sprouts,6459253011
Vegetables,Carrots,6459254011
Vegetables,Corn,6459255011
Vegetables,Edamame,6459256011
Vegetables,Eggplant,6459257011
Vegetables,Mixed Vegetables,6459258011
Vegetables,Okra,6459259011
Vegetables,Onions,6459260011
Vegetables,Spinach & Greens,6459261011
Vegetables,Squash,6459262011
Home Brewing & Winemaking,Beer Brewing Ingredients,979862011
Home Brewing & Winemaking,Beer Brewing Recipe Kits,979870011
Home Brewing & Winemaking,Winemaking Ingredients,979878011
Beer Brewing Recipe Kits,Lagers,979873011
Beer Brewing Recipe Kits,Specialty Beers,979876011
Beer Brewing Recipe Kits,Wheat Beers,979877011
Winemaking Ingredients,Additives,8209397011
Winemaking Ingredients,Ingredient Kits,979881011
Winemaking Ingredients,Spices & Flavorings,979882011
Winemaking Ingredients,Yeasts & Cultures,979883011
Meat & Seafood,Bacon,2256164011
Meat & Seafood,Beef,371470011
Meat & Seafood,Chicken,2256156011
Meat & Seafood,Foie Gras & PÃ¢tÃ©s,6518760011
Meat & Seafood,Frozen Meats,6459214011
Meat & Seafood,Hot Dogs & Franks,6518846011
Meat & Seafood,Lamb,6518852011
Meat & Seafood,Meat & Seafood Gifts,2255579011
Meat & Seafood,Pork,6519153011
Meat & Seafood,Sausages,371476011
Meat & Seafood,Seafood,371477011
Meat & Seafood,Turducken,6519646011
Meat & Seafood,Turkey,2256158011
Meat & Seafood,Veal,6519828011
Meat & Seafood,Wild Game & Fowl,6519832011
Beef,Ground Beef & Patties,16850759011
Beef,Ribs,2256160011
Beef,Roasts,2256161011
Beef,Soup Bones,6518173011
Beef,Steaks,2256159011
Beef,Stew Meat & Convenient Cuts,6518156011
Beef,Variety & Organ Meats,6518166011
Ground Beef & Patties,Burger Patties,6518154011
Ground Beef & Patties,Ground Beef,6518164011
Roasts,Brisket,6518169011
Roasts,Chuck Roast,16850760011
Roasts,Pot Roast,6518170011
Roasts,Rib Roast,6518171011
Steaks,Chuck Eye,6518174011
Steaks,Eye of Round,6518158011
Steaks,Flank,6518177011
Steaks,Flat Iron,6518178011
Steaks,Porterhouse,6518179011
Steaks,Ribeye,6518180011
Steaks,Shoulder,6518181011
Steaks,Sirloin,6518182011
Steaks,Skirt,6518183011
Steaks,Strip,16850763011
Steaks,T-Bone,6518184011
Steaks,Top Loin,6518185011
Steaks,Tri-Tip,6518186011
Stew Meat & Convenient Cuts,Kabobs,6518160011
Stew Meat & Convenient Cuts,Stew Meat,6518162011
Chicken,Breasts,6518679011
Chicken,Cutlets,6518680011
Chicken,Drumsticks,16911844011
Chicken,Giblets,6518681011
Chicken,Ground Chicken,6518682011
Chicken,Stir Fry Cuts,6518684011
Chicken,Strips,6518685011
Chicken,Tenders,6518686011
Chicken,Thighs,6518687011
Chicken,Whole Chickens,6518688011
Chicken,Wings,16911843011
Frozen Meats,Burgers & Patties,6459215011
Frozen Meats,Chicken,17369441011
Frozen Meats,Lamb,17369463011
Frozen Meats,Meatballs,17369455011
Frozen Meats,Pork,6459220011
Frozen Meats,Sausage & Bacon,6459222011
Frozen Meats,Turkey,17369459011
Pork,Chops,6519154011
Pork,Ham,6519155011
Pork,Ribs,6519164011
Pork,Tenderloins,6519166011
Sausages,Andouille,6519257011
Sausages,Chicken,6519259011
Sausages,Chorizo,2256153011
Sausages,Kielbasa,6519262011
Sausages,Summer,6519265011
Sausages,Turkey,6519266011
Seafood,Caviars & Roes,371480011
Seafood,Crab Cakes,17548070011
Seafood,Dried Seafood,17548072011
Seafood,Fish PÃ¢tÃ©,17548071011
Seafood,Fresh Seafood,17548080011
Seafood,Frozen Seafood,6459241011
Seafood,Imitation Crab & Surimi,17585140011
Seafood,Smoked & Cured Fish,17548087011
Dried Seafood,Dried Abalone,17548073011
Dried Seafood,Dried Anchovies,17548074011
Dried Seafood,Dried Cod,17548075011
Dried Seafood,Dried Scallops,17548076011
Dried Seafood,Dried Sea Cucumber,17548077011
Dried Seafood,Dried Shrimp,17548078011
Dried Seafood,Dried Squid,17548079011
Fresh Seafood,Fresh Fish,371479011
Fresh Seafood,Fresh Shellfish,6519644011
Fresh Fish,Anchovies,16319191
Fresh Fish,Catfish,6519636011
Fresh Fish,Cod,6519637011
Fresh Fish,Flounder,6519638011
Fresh Fish,Haddock,6519639011
Fresh Fish,Halibut,2255591011
Fresh Fish,Mahi Mahi,6519640011
Fresh Fish,Rockfish,6814013011
Fresh Fish,Sablefish,18327554011
Fresh Fish,Salmon,16319241
Fresh Fish,Sardines,16319251
Fresh Fish,Sea Bass,6814014011
Fresh Fish,Sole,6814015011
Fresh Fish,Swordfish,6519641011
Fresh Fish,Tilapia,6519642011
Fresh Fish,Trout,6519643011
Fresh Fish,Tuna,16319271
Fresh Shellfish,Clams,16319201
Fresh Shellfish,Crab,16319211
Fresh Shellfish,Lobster,491294011
Fresh Shellfish,Mussels,491295011
Fresh Shellfish,Oysters,16319221
Fresh Shellfish,Scallops,491296011
Fresh Shellfish,Shrimp & Prawns,16319261
Frozen Seafood,Burgers & Patties,6459242011
Frozen Seafood,Fish Sticks,6459244011
Frozen Seafood,Frozen Fish,17548093011
Frozen Seafood,Frozen Shellfish,17548097011
Meat Substitutes,Bacon,6515618011
Meat Substitutes,Burgers & Patties,6518860011
Meat Substitutes,Deli Slices,17867428011
Meat Substitutes,"Hot Dogs, Links & Sausages",6518863011
Meat Substitutes,Jerky,17867430011
Meat Substitutes,Loaves & Roasts,17867431011
Meat Substitutes,"Meatballs, Chunks & Crumbles",17867436011
Meat Substitutes,Nuggets & Wings,17867443011
Meat Substitutes,Pulled & Flaked Meats,17867448011
Meat Substitutes,Seitan,6507195011
Meat Substitutes,Strips & Cutlets,17867453011
Meat Substitutes,Tempeh,6507196011
Meat Substitutes,Tofu,6507197011
Pantry Staples,"Canned, Jarred & Packaged Foods",6464939011
Pantry Staples,Condiments & Salad Dressings,16320321
Pantry Staples,Cooking & Baking,16310221
Pantry Staples,"Dried Beans, Lentils & Peas",18787304011
Pantry Staples,Dried Grains & Rice,6464122011
Pantry Staples,"Herbs, Spices & Seasonings",16310281
Pantry Staples,"Jams, Jellies & Sweet Spreads",16320071
Pantry Staples,Nut & Seed Butters,345830011
Pantry Staples,"Olives, Pickles & Relishes",16319771
Pantry Staples,Pasta & Noodles,6502933011
Pantry Staples,"Sauces, Gravies & Marinades",6502765011
Pantry Staples,"Soups, Stocks & Broths",16319621
"Canned, Jarred & Packaged Foods",Antipasto,9847696011
"Canned, Jarred & Packaged Foods",Beans & Peas,6464940011
"Canned, Jarred & Packaged Foods",Fruits,6464947011
"Canned, Jarred & Packaged Foods","Meat, Poultry & Seafood",6464972011
"Canned, Jarred & Packaged Foods",Packaged Meals & Side Dishes,6499407011
"Canned, Jarred & Packaged Foods",Sloppy Joe Mix,6464979011
"Canned, Jarred & Packaged Foods",Vegetables,6465007011
Antipasto,Artichoke Hearts,6465008011
Antipasto,Canned & Jarred Fish,9847698011
Antipasto,Capers,16319781
Antipasto,Cornichons,9847700011
Antipasto,Mushrooms,6465018011
Antipasto,Okra,6465019011
Antipasto,Pickled Vegetables,6466918011
Antipasto,Stuffed Grape Leaves,10780852011
Antipasto,Sun-Dried Tomatoes,6465027011
Beans & Peas,Baked Beans,6464941011
Beans & Peas,Black Beans,6464942011
Beans & Peas,Black-Eyed Peas,15500532011
Beans & Peas,Garbanzo Beans,6464943011
Beans & Peas,Kidney Beans,6464944011
Beans & Peas,Lentils,15500533011
Beans & Peas,Lima Beans,6464945011
Beans & Peas,Pinto Beans,6464946011
Beans & Peas,Refried Beans,11194033011
Fruits,Apples,6464948011
Fruits,Apricots,6464949011
Fruits,Bananas,6464950011
Fruits,Berries,15500516011
Fruits,Cherries,6464952011
Fruits,Dates,6464954011
Fruits,Figs,6464955011
Fruits,Grapefruit,6464956011
Fruits,Grapes,6464957011
Fruits,Lemons,6464958011
Fruits,Mangos,6464959011
Fruits,Melons,6464960011
Fruits,Mixed,6464961011
Fruits,Nectarines,6464962011
Fruits,Oranges,6464963011
Fruits,Papayas,6464964011
Fruits,Peaches,6464965011
Fruits,Pears,6464966011
Fruits,Pineapple,6464967011
Fruits,Plums,6464968011
Fruits,Tangerines,6464971011
Berries,Blueberries,6464951011
Berries,Cranberries,6464953011
Berries,Raspberries,6464969011
Berries,Strawberries,6464970011
"Meat, Poultry & Seafood",Beef,11194500011
"Meat, Poultry & Seafood",Chicken,11194502011
"Meat, Poultry & Seafood",PÃ¢tÃ©s,11194505011
"Meat, Poultry & Seafood",Seafood,15500522011
"Meat, Poultry & Seafood",Snails,15500529011
"Meat, Poultry & Seafood",Spiced Meat,6464976011
Seafood,Anchovies,6464973011
Seafood,Caviars & Roes,11194501011
Seafood,Clams,15500525011
Seafood,Crabmeat,6464974011
Seafood,Herring,6464975011
Seafood,Mackerel,11194504011
Seafood,Mussels & Cockles,15500526011
Seafood,Oysters,15500527011
Seafood,Salmon,11194507011
Seafood,Sardines,11194508011
Seafood,Trout,15500523011
Seafood,Tuna Fish,6464977011
Packaged Meals & Side Dishes,Dry Soup Mixes,11194987011
Packaged Meals & Side Dishes,Macaroni & Cheese,6499410011
Packaged Meals & Side Dishes,Pasta & Noodle Dishes,6499422011
Packaged Meals & Side Dishes,Pasta Salads,6499425011
Packaged Meals & Side Dishes,Pizza,6499426011
Packaged Meals & Side Dishes,Potatoes & Stuffings,6499427011
Packaged Meals & Side Dishes,Rice Dishes,6499438011
Packaged Meals & Side Dishes,Vegetable Dishes,11194992011
Potatoes & Stuffings,Potato Side Dishes,6499428011
Potatoes & Stuffings,Stuffing Side Dishes,6499433011
Rice Dishes,Dirty Rice,6499440011
Rice Dishes,Jambalaya,6499441011
Rice Dishes,Paella,6499442011
Rice Dishes,Pilaf,6499443011
Rice Dishes,Risotto,6499445011
Rice Dishes,Seasoned Rice,6499446011
Vegetables,Artichoke Hearts,6465008011
Vegetables,Asparagus,6465009011
Vegetables,Bamboo Shoots,6465010011
Vegetables,Bean Salad,6465011011
Vegetables,Beets,6465012011
Vegetables,Carrots,11194809011
Vegetables,Corn,6465013011
Vegetables,Garlic,6465014011
Vegetables,Green Beans,6465015011
Vegetables,Green Chilis,6465016011
Vegetables,Hearts of Palm,11194810011
Vegetables,Jalapenos,6465017011
Vegetables,Mushrooms,6465018011
Vegetables,Okra,6465019011
Vegetables,Onions,6465020011
Vegetables,Potatoes,6465021011
Vegetables,Sauerkraut,11194815011
Vegetables,Tomatoes,6465022011
Vegetables,Truffles,15245538011
Vegetables,Water Chestnuts,6465031011
Tomatoes,Crushed,6465023011
Tomatoes,Diced,6465024011
Tomatoes,Peeled,6465025011
Tomatoes,Stewed,6465026011
Tomatoes,Sun-Dried,6465027011
Tomatoes,Sun-Dried Tomato Paste,6465028011
Tomatoes,Tomato Paste,6465029011
Tomatoes,Tomato Sauce,6465030011
Condiments & Salad Dressings,Cocktail Sauce,16321121
Condiments & Salad Dressings,Horseradish,16319841
Condiments & Salad Dressings,Ketchup,16319851
Condiments & Salad Dressings,Mayonnaise,16319881
Condiments & Salad Dressings,Mustard,16319891
Condiments & Salad Dressings,Salad Dressings,16320901
Condiments & Salad Dressings,Salad Toppings,16321001
Condiments & Salad Dressings,Sandwich Spreads,16319941
Condiments & Salad Dressings,Steak Sauce,6466919011
Condiments & Salad Dressings,Tartar Sauce,16321441
Condiments & Salad Dressings,Wasabi,16319971
Mustard,Beer Mustard,14867974011
Mustard,Brown Mustard,16319901
Mustard,Dijon Mustard,16319911
Mustard,English Mustard,14867976011
Mustard,German Mustard,14867978011
Mustard,Honey Mustard,16319921
Mustard,Whole Grain Mustard,14867980011
Mustard,Yellow Mustard,16319931
Salad Dressings,Blue Cheese,16320911
Salad Dressings,Caesar,16320921
Salad Dressings,Cole Slaw Dressing,6498239011
Salad Dressings,French,16320931
Salad Dressings,Honey Mustard,6498241011
Salad Dressings,Italian,16320941
Salad Dressings,Ranch,16320961
Salad Dressings,Thousand Island,16320981
Salad Dressings,Vinaigrette,16320991
Cooking & Baking,"Baking Chocolates, Carob & Cocoa",6485877011
Cooking & Baking,Baking Mixes,16317231
Cooking & Baking,Breadcrumbs & Seasoned Coatings,6485882011
Cooking & Baking,Coconut Flakes,16317531
Cooking & Baking,Condensed & Powdered Milk,6485886011
Cooking & Baking,"Cooking Oils, Vinegars & Sprays",6485890011
Cooking & Baking,Cooking Wine,6485905011
Cooking & Baking,Dessert Syrups & Sauces,16317551
Cooking & Baking,"Doughs, Shells & Crusts",16317591
Cooking & Baking,Dried Fruit & Raisins,6524459011
Cooking & Baking,Dried Seaweed & Nori,7000787011
Cooking & Baking,Extracts & Flavoring,16318021
Cooking & Baking,Flours & Meals,16317621
Cooking & Baking,Food Coloring,13825861
Cooking & Baking,"Frosting, Icing & Decorations",6492272011
Cooking & Baking,Lard & Shortening,6492280011
Cooking & Baking,Leaveners & Yeasts,16317831
Cooking & Baking,Marshmallows,724726011
Cooking & Baking,Marzipan & Almond Paste,6492293011
Cooking & Baking,Nuts & Seeds,16322881
Cooking & Baking,Pie & Pastry Fillings,16317841
Cooking & Baking,Powdered Cheese,15197501011
Cooking & Baking,Powdered Eggs,6492314011
Cooking & Baking,Pudding & Gelatin,6492315011
Cooking & Baking,Sugar Substitutes,16317901
Cooking & Baking,"Syrups, Sugars & Sweeteners",6492319011
Cooking & Baking,Thickeners,724686011
"Baking Chocolates, Carob & Cocoa",Carob,724684011
"Baking Chocolates, Carob & Cocoa",Chocolates,16317461
"Baking Chocolates, Carob & Cocoa",Cocoa,16317471
Baking Mixes,Biscuits,16317241
Baking Mixes,Breads,16317251
Baking Mixes,Brownies,16317261
Baking Mixes,Cakes,16317271
Baking Mixes,Cookies,16317281
Baking Mixes,Muffins,16317301
Baking Mixes,Pancakes & Waffles,16317311
Baking Mixes,Pie Crusts,6485876011
Breadcrumbs & Seasoned Coatings,Breadcrumbs,16317401
Breadcrumbs & Seasoned Coatings,Panko,6485883011
Breadcrumbs & Seasoned Coatings,Seasoned Coatings,16317521
Breadcrumbs & Seasoned Coatings,Tempura,6485885011
Condensed & Powdered Milk,Condensed,16317431
Condensed & Powdered Milk,Powdered,16317451
"Cooking Oils, Vinegars & Sprays",Non-Stick Cooking Oil Sprays,16317851
"Cooking Oils, Vinegars & Sprays",Oils,16320331
"Cooking Oils, Vinegars & Sprays",Vinegars,16320491
Oils,Almond,6485892011
Oils,Avocado,6485893011
Oils,Canola,16320341
Oils,Coconut,16320351
Oils,Corn,6592519011
Oils,Flaxseed,17395302011
Oils,Grapeseed,6485894011
Oils,Hazelnut,6485895011
Oils,Olive,16320381
Oils,Peanut,16320461
Oils,Safflower,17395304011
Oils,Sesame,16320471
Oils,Soybean,6485896011
Oils,Sunflower,6485897011
Oils,Truffle,347103011
Oils,Vegetable,6485898011
Oils,Walnut,6485899011
Vinegars,Apple Cider,6485901011
Vinegars,Balsamic,16320501
Vinegars,Fruit,2255620011
Vinegars,Malt,6485902011
Vinegars,Red Wine,16320541
Vinegars,Rice,6485903011
Vinegars,White,6485904011
Vinegars,White Wine,2255621011
Cooking Wine,Marsala,6485906011
Cooking Wine,Red,6485907011
Cooking Wine,Rice,6485908011
Cooking Wine,Sherry,6485909011
Cooking Wine,White,6485910011
Dessert Syrups & Sauces,Caramel,6485912011
Dessert Syrups & Sauces,Chocolate,16317491
Dessert Syrups & Sauces,Flavoring Syrup,6485913011
Dessert Syrups & Sauces,Fruit,6485914011
Dessert Syrups & Sauces,Marshmallow,6485915011
Dried Fruit & Raisins,Apples,9865335011
Dried Fruit & Raisins,Apricots,9865337011
Dried Fruit & Raisins,Banana Chips,9865339011
Dried Fruit & Raisins,Dates,9865343011
Dried Fruit & Raisins,Mangoes,9865346011
Dried Fruit & Raisins,Mixed Fruits,9865348011
Dried Fruit & Raisins,Papayas,9865350011
Dried Fruit & Raisins,Peaches,9865352011
Dried Fruit & Raisins,Pears,9865354011
Dried Fruit & Raisins,Pineapples,9865356011
Dried Fruit & Raisins,Prunes,9865358011
Dried Fruit & Raisins,Raisins,9865359011
Flours & Meals,Almond,6492267011
Flours & Meals,Barley Flour,16317631
Flours & Meals,Buckwheat,6492268011
Flours & Meals,Corn,6492270011
Flours & Meals,Garbanzo,6492269011
Flours & Meals,Millet,6492271011
Flours & Meals,Oat Bran,16317671
Flours & Meals,Oat Flour,16317681
Flours & Meals,Polenta Meal,16317691
Flours & Meals,Rice Flour,16317711
Flours & Meals,Wheat Flours & Meals,16317731
"Frosting, Icing & Decorations",Birthday Candles,3734541
"Frosting, Icing & Decorations",Cake Toppers,10844426011
"Frosting, Icing & Decorations",Cupcake Toppers,10844428011
"Frosting, Icing & Decorations",Decorating Kits,6492275011
"Frosting, Icing & Decorations",Dusting Powders,6492276011
"Frosting, Icing & Decorations",Edible Printer Ink & Paper,8147481011
"Frosting, Icing & Decorations",Glitter,6492277011
"Frosting, Icing & Decorations",Icing Decorations,10844425011
"Frosting, Icing & Decorations",Sprinkles,6492278011
Lard & Shortening,Coconut Shortening,6492281011
Lard & Shortening,Ghee,6492282011
Lard & Shortening,Lard,6492283011
Lard & Shortening,Shortening,6492284011
Leaveners & Yeasts,Active Dry Yeasts,6492285011
Leaveners & Yeasts,Baker's Ammonia,6492286011
Leaveners & Yeasts,Baker's Yeast,6492287011
Leaveners & Yeasts,Baking Powder,16317381
Leaveners & Yeasts,Baking Soda,6492289011
Leaveners & Yeasts,Bread Machine Yeasts,6492290011
Leaveners & Yeasts,Potash Baking Ingredient,6492291011
Leaveners & Yeasts,Yeast Starters,6492292011
Nuts & Seeds,Almonds,16322891
Nuts & Seeds,Brazil Nuts,8975266011
Nuts & Seeds,Cashews,16322901
Nuts & Seeds,Chia Seeds,6492299011
Nuts & Seeds,Flax Seeds,8975267011
Nuts & Seeds,Hazelnuts,6492300011
Nuts & Seeds,Hemp Seeds,8975268011
Nuts & Seeds,Macadamia Nuts,16322921
Nuts & Seeds,Mixed Nuts,16322931
Nuts & Seeds,Peanuts,16322941
Nuts & Seeds,Pecans,370408011
Nuts & Seeds,Pistachios,16322951
Nuts & Seeds,Pumpkin Seeds,16322961
Nuts & Seeds,Sesame Seeds,8980429011
Nuts & Seeds,Soy Nuts,8980430011
Nuts & Seeds,Sunflower Seeds,16322971
Nuts & Seeds,Walnuts,16322981
Pudding & Gelatin,Gelatin,6492316011
Pudding & Gelatin,Pectin,6492317011
Pudding & Gelatin,Pudding,6492318011
Sugar Substitutes,Palm Sugar,8996017011
Sugar Substitutes,Saccharine,8995919011
Sugar Substitutes,Stevia,8995921011
Sugar Substitutes,Xylitol,8996064011
"Syrups, Sugars & Sweeteners",Agave Nectar & Syrup,6492320011
"Syrups, Sugars & Sweeteners",Honey,16317891
"Syrups, Sugars & Sweeteners",Maple Syrup,16318001
"Syrups, Sugars & Sweeteners",Molasses,16318011
"Syrups, Sugars & Sweeteners",Simple Syrup,6492322011
"Syrups, Sugars & Sweeteners",Sugars,16317911
"Dried Beans, Lentils & Peas",Beans,16322001
"Dried Beans, Lentils & Peas",Lentils,16322081
"Dried Beans, Lentils & Peas",Peas,2255106011
Beans,Kidney,16322031
Beans,Pinto,16322061
Beans,Garbanzo,6464117011
Beans,Black,16322011
Beans,Lima,6464119011
Beans,Soy,6464121011
Peas,Green,6464137011
Peas,Pigeon,6464138011
Peas,Split,6464139011
Dried Grains & Rice,Arborio,6464123011
Dried Grains & Rice,Basmati,6464124011
Dried Grains & Rice,Brown,6464125011
Dried Grains & Rice,Buckwheat,6464126011
Dried Grains & Rice,Couscous,6464127011
Dried Grains & Rice,Farro,6464128011
Dried Grains & Rice,Jasmine,6464129011
Dried Grains & Rice,Millet,6464130011
Dried Grains & Rice,Quinoa,6464131011
Dried Grains & Rice,Wheat Berries,6464132011
Dried Grains & Rice,White,6464133011
Dried Grains & Rice,Wild,6464134011
"Herbs, Spices & Seasonings","Herb, Spice & Seasoning Gifts",2255584011
"Herbs, Spices & Seasonings",Mixed Spices & Seasonings,724716011
"Herbs, Spices & Seasonings",Pepper & Peppercorns,16321781
"Herbs, Spices & Seasonings",Salt & Salt Substitutes,16321861
"Herbs, Spices & Seasonings",Single Herbs & Spices,724803011
Mixed Spices & Seasonings,Adobo Seasoning,6493899011
Mixed Spices & Seasonings,Barbecue Seasoning,724717011
Mixed Spices & Seasonings,Cajun Seasoning,16321491
Mixed Spices & Seasonings,Chili Mix,16321531
Mixed Spices & Seasonings,Chili Powder,16321541
Mixed Spices & Seasonings,Chinese Five Spice,724718011
Mixed Spices & Seasonings,Curry Powder,16321601
Mixed Spices & Seasonings,Garam Masala,724719011
Mixed Spices & Seasonings,Gourmet Rubs,16321661
Mixed Spices & Seasonings,Greek Seasoning,724720011
Mixed Spices & Seasonings,Indian Seasoning,724721011
Mixed Spices & Seasonings,Italian Seasoning,16321681
Mixed Spices & Seasonings,Meat Seasoning,16321711
Mixed Spices & Seasonings,Mexican Seasoning,397444011
Mixed Spices & Seasonings,Miso,18327550011
Mixed Spices & Seasonings,Mulling Spice,724722011
Mixed Spices & Seasonings,Poultry Seasoning,6493911011
Mixed Spices & Seasonings,Seafood Seasoning,6493912011
Pepper & Peppercorns,Ground Pepper,16321791
Pepper & Peppercorns,Peppercorns,16321801
Salt & Salt Substitutes,Coarse Salt,2256150011
Salt & Salt Substitutes,Flavored Salt,16321881
Salt & Salt Substitutes,Fleur de Sel,6493921011
Salt & Salt Substitutes,Kosher Salt,2256151011
Salt & Salt Substitutes,Popcorn Salt,6493923011
Salt & Salt Substitutes,Rock Salt,2256152011
Salt & Salt Substitutes,Salt Substitutes,16321871
Salt & Salt Substitutes,Sea Salt,16321901
Salt & Salt Substitutes,Seasoned Salt,6493927011
Salt & Salt Substitutes,Table Salt,6493928011
Single Herbs & Spices,Ajowan,724706011
Single Herbs & Spices,Allspice,724707011
Single Herbs & Spices,Anise Seeds,724708011
Single Herbs & Spices,Asafetida,724709011
Single Herbs & Spices,Bay Leaf,16321481
Single Herbs & Spices,Bonito Flakes,724710011
Single Herbs & Spices,Caraway Seed,16321501
Single Herbs & Spices,Cardamom Seed,16321511
Single Herbs & Spices,Cayenne,13769139011
Single Herbs & Spices,Celery Seed,16321521
Single Herbs & Spices,Chili Powder,6492421011
Single Herbs & Spices,Chinese Star Anise,724711011
Single Herbs & Spices,Chipotle,6492422011
Single Herbs & Spices,Chives,724712011
Single Herbs & Spices,Cilantro Flakes,724713011
Single Herbs & Spices,Cinnamon,16321551
Single Herbs & Spices,Cloves,16321561
Single Herbs & Spices,Coriander,16321571
Single Herbs & Spices,Cream of Tartar,16321581
Single Herbs & Spices,Cumin,16321591
Single Herbs & Spices,Dill,16321611
Single Herbs & Spices,Fennel Seed,16321621
Single Herbs & Spices,Fenugreek,724714011
Single Herbs & Spices,Flax Seed,16321631
Single Herbs & Spices,Garlic,16321641
Single Herbs & Spices,Ginger,16321651
Single Herbs & Spices,Mace,724715011
Single Herbs & Spices,Marjoram,16321701
Single Herbs & Spices,Mustard,16321721
Single Herbs & Spices,Nutmeg,16321731
Single Herbs & Spices,Onion,16321741
Single Herbs & Spices,Oregano,16321751
Single Herbs & Spices,Paprika,16321761
Single Herbs & Spices,Parsley,16321771
Single Herbs & Spices,Peppermint Leaf,724723011
Single Herbs & Spices,Poppy Seed,16321811
Single Herbs & Spices,Rosemary,16321831
Single Herbs & Spices,Saffron,16321841
Single Herbs & Spices,Sage Leaf,16321851
Single Herbs & Spices,Savory,16321921
Single Herbs & Spices,Sesame Seed,16321931
Single Herbs & Spices,Sumac,724724011
Single Herbs & Spices,Sweet Basil Leaf,16321941
Single Herbs & Spices,Tarragon,16321951
Single Herbs & Spices,Thyme,16321961
Single Herbs & Spices,Turmeric,16321971
Single Herbs & Spices,Vanilla Beans,724725011
Single Herbs & Spices,Wasabi Powder,16321981
"Jams, Jellies & Sweet Spreads",Chocolate & Hazelnut Spreads,6493998011
"Jams, Jellies & Sweet Spreads",Fruit Butters,2256223011
"Jams, Jellies & Sweet Spreads",Fruit Compotes,18327552011
"Jams, Jellies & Sweet Spreads",Honey,16317891
"Jams, Jellies & Sweet Spreads","Jam, Jelly & Sweet Spread Gifts",2255578011
"Jams, Jellies & Sweet Spreads","Jams, Jellies & Preserves",6493999011
"Jams, Jellies & Sweet Spreads",Marmalades,16320311
"Jams, Jellies & Sweet Spreads",Marshmallow Spreads,6494000011
Nut & Seed Butters,Almond Butter,345831011
Nut & Seed Butters,Cashew Butter,345832011
Nut & Seed Butters,Peanut Butter,16320591
"Olives, Pickles & Relishes",Capers,16319781
"Olives, Pickles & Relishes",Chutneys,2255615011
"Olives, Pickles & Relishes",Olives,16319471
"Olives, Pickles & Relishes",Pickled Eggs,6466917011
"Olives, Pickles & Relishes",Pickled Mixed Vegetables,6466918011
"Olives, Pickles & Relishes",Pickles,16320731
"Olives, Pickles & Relishes",Relishes,16320851
Olives,Black,16319481
Olives,Green,16319511
Olives,Kalamata,6466915011
Olives,Spreads,6466916011
Pickles,Dill Pickles,2257582011
Pickles,Sweet Pickles,2257583011
Pickles,Cornichons,9847700011
Relishes,Fruit Relishes,16320861
Relishes,Vegetable Relishes,16320881
Relishes,Pickle Relishes,2255616011
Pasta & Noodles,Noodles,6502934011
Pasta & Noodles,Pasta,16322171
Noodles,Egg,16322261
Noodles,Rice,6502935011
Noodles,Shirataki,6502936011
Noodles,Soba,2620100011
Noodles,Udon,2620101011
Pasta,Bow-Tie,16322231
Pasta,Capellini,16322251
Pasta,Fettuccine,16322271
Pasta,Fusilli,16322281
Pasta,Gnocchi,16322291
Pasta,Lasagna,16322301
Pasta,Linguine,16322311
Pasta,Orzo,16322331
Pasta,Pappardelle,6502937011
Pasta,Penne,16322341
Pasta,Rigatoni,16322361
Pasta,Rotini,16322371
Pasta,Spaghetti,16322381
Pasta,Tagliatelle,16322391
Pasta,Tortellini,16322401
Pasta,Ziti,16322421
"Sauces, Gravies & Marinades",Glazes & Demi-Glaces,17864322011
"Sauces, Gravies & Marinades",Gravies,16321161
"Sauces, Gravies & Marinades",Hot Sauce,16321181
"Sauces, Gravies & Marinades","Sauce, Gravy & Marinade Gifts",2255580011
"Sauces, Gravies & Marinades",Sauces,6502775011
"Sauces, Gravies & Marinades",Seasoning Mixes,6502774011
Gravies,Beef,6502767011
Gravies,Brown,6502768011
Gravies,Chicken,6502769011
Gravies,Mushroom,6502770011
Gravies,Pork,6502771011
Gravies,Sausage,6502772011
Gravies,Turkey,6502773011
Sauces,Asian,6502776011
Sauces,Barbecue,16321101
Sauces,Buffalo Wing,6502782011
Sauces,Italian,6502784011
Sauces,Spanish & Mexican,6502792011
Sauces,Worcestershire Sauce,6466920011
Asian,Chile Paste,16319801
Asian,Chili Sauce,6502777011
Asian,Coconut Sauce,16321131
Asian,Curry Sauce,16321141
Asian,Fish Sauce,6502779011
Asian,Oyster Sauce,6502780011
Asian,Peanut Sauce,16321351
Asian,Plum Sauce,16321371
Asian,Satay Sauce,6502781011
Asian,Soy Sauce,16321391
Asian,Stir-Fry Sauce,16321401
Asian,Sweet & Sour Sauce,16321411
Asian,Teriyaki Sauce,16321451
Italian,Alfredo,6502785011
Italian,Marinara,6502787011
Italian,Pesto,6502789011
Italian,Pizza,6502790011
Spanish & Mexican,Adobo Sauce,16321081
Spanish & Mexican,Enchilada Sauce,6502794011
Spanish & Mexican,Sofrito Sauce,6502795011
Spanish & Mexican,Taco Sauce,16321431
"Soups, Stocks & Broths",Beef Soups,16319631
"Soups, Stocks & Broths",Bisques,724733011
"Soups, Stocks & Broths",Bouillon,16319641
"Soups, Stocks & Broths",Broths,724737011
"Soups, Stocks & Broths",Chicken Soups,16319691
"Soups, Stocks & Broths",Chili,16319701
"Soups, Stocks & Broths",Chowders,16319711
"Soups, Stocks & Broths",ConsommÃ©,724736011
"Soups, Stocks & Broths",Miso Soups,724734011
"Soups, Stocks & Broths",Noodle Soups,16319721
"Soups, Stocks & Broths",Split Pea Soups,16319731
"Soups, Stocks & Broths",Stews,16319741
"Soups, Stocks & Broths",Stocks,6465003011
"Soups, Stocks & Broths",Tomato Soups,16319751
"Soups, Stocks & Broths",Vegetable Soups,16319761
Bouillon,Beef,6464996011
Bouillon,Chicken,6464997011
Bouillon,Vegetable,6464998011
Broths,Beef,6465000011
Broths,Chicken,6465001011
Broths,Clam,18653688011
Broths,Vegetable,6465002011
Stocks,Beef,6465004011
Stocks,Chicken,6465005011
Stocks,Vegetable,6465006011
Produce,Dried Fruits & Vegetables,9865332011
Produce,Fresh Fruits,16318981
Produce,Fresh Herbs,6507079011
Produce,Fresh Vegetables,16319281
Produce,Fruit & Nuts Gifts,2255577011
Produce,Nuts & Seeds,16322881
Produce,Packaged Produce,6507187011
Produce,Vegetarian Proteins,6507194011
Dried Fruits & Vegetables,Dried Fruits,9865334011
Dried Fruits & Vegetables,Dried Vegetables,9865360011
Dried Fruits,Dried Apples,9865335011
Dried Fruits,Dried Apricots,9865337011
Dried Fruits,Dried Banana Chips,9865339011
Dried Fruits,Dried Berries,11596745011
Dried Fruits,Dried Cherries,11596743011
Dried Fruits,Dried Coconut,11596744011
Dried Fruits,Dried Dates,9865343011
Dried Fruits,Dried Figs,11596753011
Dried Fruits,Dried Ginger,9865344011
Dried Fruits,Dried Mangoes,9865346011
Dried Fruits,Dried Mixed Fruits,9865348011
Dried Fruits,Dried Papayas,9865350011
Dried Fruits,Dried Peaches,9865352011
Dried Fruits,Dried Pears,9865354011
Dried Fruits,Dried Pineapples,9865356011
Dried Fruits,Dried Prunes,9865358011
Dried Fruits,Raisins,9865359011
Dried Vegetables,Dried Mushrooms,15156964011
Dried Vegetables,Sundried Tomatoes,9865374011
Dried Mushrooms,Chanterelle,15156965011
Dried Mushrooms,Eringi,15156967011
Dried Mushrooms,Lobster,15179908011
Dried Mushrooms,Maitake,15156968011
Dried Mushrooms,Matsutake,15156969011
Dried Mushrooms,Morel,15156970011
Dried Mushrooms,Oyster,15179910011
Dried Mushrooms,Porcini,15156971011
Dried Mushrooms,Portabello,15156972011
Dried Mushrooms,Shiitake,15156973011
Dried Mushrooms,Shimeji,15156974011
Dried Mushrooms,Straw,15156975011
Dried Mushrooms,Truffles,15156977011
Dried Mushrooms,Woodear,15156979011
Fresh Fruits,Apples,724694011
Fresh Fruits,Avocados,6872643011
Fresh Fruits,Berries,6507006011
Fresh Fruits,Citrus Fruits,6507018011
Fresh Fruits,Coconuts,6507034011
Fresh Fruits,Figs,724697011
Fresh Fruits,Grapes,2255595011
Fresh Fruits,Melons,2255597011
Fresh Fruits,Pears,16319071
Fresh Fruits,Stone Fruits,18791277011
Fresh Fruits,Tropical & Exotic Fruit,6507059011
Apples,Ambrosia,6506980011
Apples,Aurora,6506981011
Apples,Braeburn,6506982011
Apples,Cameo,6506984011
Apples,Fuji,6506985011
Apples,Gala,6506986011
Apples,Golden Delicious,6506988011
Apples,Granny Smith,6506989011
Apples,Heirloom,6506991011
Apples,Honeycrisp,6506992011
Apples,Jazz,6506993011
Apples,Jonagold,6506994011
Apples,McIntosh,6506996011
Apples,Pacific Rose,6506997011
Apples,Pink Lady,6506998011
Apples,Red Delicious,6506999011
Apples,Rome,6507000011
Apples,Winesap,6507001011
Citrus Fruits,Grapefruit,2255594011
Citrus Fruits,Kumquats,11596759011
Citrus Fruits,Lemons,2255596011
Citrus Fruits,Limes,6584547011
Citrus Fruits,Mandarins,6507028011
Citrus Fruits,Oranges,16319051
Citrus Fruits,Pomelos,11596761011
Grapefruit,Pink,6507021011
Grapefruit,Ruby Red,6507022011
Grapefruit,White,6507023011
Mandarins,Clementines,11596760011
Mandarins,Satsumas,6507031011
Mandarins,Tangerines,2255611011
Stone Fruits,Apricots,16319001
Stone Fruits,Cherries,16319021
Stone Fruits,Nectarines,2255598011
Stone Fruits,Peaches,16319061
Stone Fruits,Plums,724700011
Fresh Herbs,Basil,6507083011
Fresh Herbs,Bay Leaves,6507084011
Fresh Herbs,Chives,6507085011
Fresh Herbs,Cilantro,6507086011
Fresh Herbs,Dill,6507087011
Fresh Herbs,Fennel,6507088011
Fresh Herbs,Lemon Grass,6507089011
Fresh Herbs,Marjoram,6507090011
Fresh Herbs,Mint,6507091011
Fresh Herbs,Oregano,6507092011
Fresh Herbs,Parsley,6507093011
Fresh Herbs,Rosemary,6507094011
Fresh Herbs,Sage,6507095011
Fresh Herbs,Tarragon,6507096011
Fresh Herbs,Thyme,6507097011
Fresh Vegetables,Artichokes,16319291
Fresh Vegetables,Asparagus,16319301
Fresh Vegetables,Avocados,6872643011
Fresh Vegetables,Broccoli,6507071011
Fresh Vegetables,Cabbage,6507073011
Fresh Vegetables,Cauliflower,6507074011
Fresh Vegetables,Celery,6507075011
Fresh Vegetables,Corn,16319431
Fresh Vegetables,Cucumbers,6507077011
Fresh Vegetables,Eggplant,724702011
Fresh Vegetables,Garlic,724703011
Fresh Vegetables,Leafy Greens,6507099011
Fresh Vegetables,Mushrooms & Truffles,16319461
Fresh Vegetables,Onions & Shallots,16319521
Fresh Vegetables,Peas & Beans,6507121011
Fresh Vegetables,Peppers,6507126011
Fresh Vegetables,Potatoes & Yams,6507145011
Fresh Vegetables,Root Vegetables,6507153011
Fresh Vegetables,Sea Vegetables,724705011
Fresh Vegetables,Sprouts,6507163011
Fresh Vegetables,Squash & Gourds,6507166011
Fresh Vegetables,Tomatillos,6507173011
Fresh Vegetables,Tomatoes,16319611
Leafy Greens,Collard Greens,6507102011
Leafy Greens,Kale,6507105011
Leafy Greens,Lettuce,6507106011
Leafy Greens,Romaine,18327558011
Leafy Greens,Spinach,6507108011
Mushrooms & Truffles,Black Truffle,347100011
Mushrooms & Truffles,Chanterelle,2303652011
Mushrooms & Truffles,Morel,2303651011
Mushrooms & Truffles,Porcini,347099011
Mushrooms & Truffles,Portabello,2303649011
Mushrooms & Truffles,Shiitake,2303653011
Mushrooms & Truffles,Straw,2303650011
Peppers,Bell Peppers,6507127011
Peppers,Chili Peppers,6507133011
Peppers,Sweet Peppers,6507144011
Chili Peppers,Banana,6507135011
Chili Peppers,Cayenne,6507136011
Chili Peppers,Cherry,6507137011
Chili Peppers,Jalapenos,6507140011
Chili Peppers,Thai Chili,6507143011
Potatoes & Yams,Fingerlings & Baby,6507146011
Potatoes & Yams,Russet,6507149011
Potatoes & Yams,Sweet Potatoes,6507150011
Potatoes & Yams,Yams,6507151011
Root Vegetables,Beets,2255592011
Root Vegetables,Carrots,6507155011
Root Vegetables,Ginger,6507158011
Root Vegetables,Jicama,6507159011
Root Vegetables,Radishes,6507161011
Root Vegetables,Turnips,6507162011
Packaged Produce,Cut & Packaged Fruits,6507188011
Packaged Produce,Cut & Packaged Vegetables,6507190011
Packaged Produce,Packaged Greens & Salad Mixes,6507193011
Cut & Packaged Fruits,Apples,9865400011
Cut & Packaged Fruits,Mangoes,9865410011
Cut & Packaged Fruits,Melon,9865412011
Cut & Packaged Fruits,Mixed Fruits,9865420011
Cut & Packaged Fruits,Pineapples,9865426011
Vegetarian Proteins,Seitan,6507195011
Vegetarian Proteins,Tempeh,6507196011
Vegetarian Proteins,Tofu,6507197011
Snack Foods,Applesauce & Fruit Cups,6524414011
Snack Foods,Bars,6524464011
Snack Foods,Breadsticks,347682011
Snack Foods,Chips & Crisps,16322741
Snack Foods,Cookies,18774312011
Snack Foods,Crackers,16322781
Snack Foods,Dried Fruit & Raisins,6524459011
Snack Foods,Fruit Leather,724730011
Snack Foods,Fruit Snacks,6524463011
Snack Foods,Ice Cream Cones & Toppings,6459175011
Snack Foods,Jerky & Dried Meats,371475011
Snack Foods,Nuts & Seeds,11437481011
Snack Foods,Party Mix,724731011
Snack Foods,Popcorn,16322991
Snack Foods,Pork Rinds,16323071
Snack Foods,Pretzels,16323081
Snack Foods,Puffed Snacks,173354011
Snack Foods,"Rice Cakes, Chips & Crackers",6524481011
Snack Foods,"Salsas, Dips & Spreads",6523475011
Snack Foods,Seaweed Snacks,14864739011
Snack Foods,Snack & Trail Mixes,16323101
Snack Foods,Snack Cakes & Pastries,11437484011
Snack Foods,Snack Gifts,2255582011
Snack Foods,Wasabi Peas,6524485011
Bars,Cereal,6524624011
Bars,Fruit & Nut,11437474011
Bars,Fruit Bars,17277532011
Bars,Granola,11437476011
Bars,High Protein,11437477011
Bars,Nut Bars,17277533011
Bars,Nutrition Bars,7309635011
Bars,Whole Grain,11437479011
Nutrition Bars,Endurance & Energy Bars,7090302011
Nutrition Bars,Food Bars,7090289011
Nutrition Bars,Protein Bars,6973705011
Chips & Crisps,Corn,16322751
Chips & Crisps,Pita,6524419011
Chips & Crisps,Potato,16322761
Chips & Crisps,Soy,6524421011
Chips & Crisps,Tortilla,16322771
Chips & Crisps,Vegetable,6524423011
Crackers,Animal,6524447011
Crackers,Assortments & Samplers,16322801
Crackers,Bagel Chips,16322791
Crackers,Deli,6524450011
Crackers,Flatbread,173352011
Crackers,Graham Crackers,16322821
Crackers,Matzo,16322831
Crackers,Oyster,6524454011
Crackers,Saltines,16322841
Crackers,Sandwich,6524456011
Crackers,Toast,18327560011
Crackers,Water,16322851
Crackers,Wheat,16322861
Nuts & Seeds,Brazil,8975266011
Nuts & Seeds,Pistachio Nuts,16322951
Popcorn,Microwave,16323051
Popcorn,Popped,16323001
Popcorn,Unpopped,16323041
"Rice Cakes, Chips & Crackers",Cakes,6524482011
"Rice Cakes, Chips & Crackers",Chips,6524483011
"Rice Cakes, Chips & Crackers",Crackers,6524484011
"Salsas, Dips & Spreads",Dips & Spreads,6523476011
"Salsas, Dips & Spreads",Salsas,16321031
Dips & Spreads,Bean,6523477011
Dips & Spreads,Garlic,6523478011
Dips & Spreads,Meat,6523479011
Dips & Spreads,Olive,6466916011
Dips & Spreads,Onion,16320041
Dips & Spreads,Processed Cheese,345833011
Dips & Spreads,Ranch,16320051
Dips & Spreads,Seafood,6523481011
Dips & Spreads,Vegetable,6523482011
Snack Cakes & Pastries,Snack Cakes,11437494011
Snack Cakes & Pastries,Snack Pies,11437496011
